{"cameraMode":{"drawMode":0,"name":"Shaded","section":"Shading Mode"},"sceneLighting":false,"audioPlay":false,"sceneViewState":{"showFog":false,"showMaterialUpdate":false,"showSkybox":false,"showFlares":false,"showImageEffects":false,"showParticleSystems":false},"in2DMode":false,"pivot":{"x":149.1999969482422,"y":8.699999809265137,"z":156.11000061035157},"rotation":{"x":0.15494775772094727,"y":0.7845139503479004,"z":-0.21711331605911256,"w":0.5598300099372864},"size":7.149251461029053,"orthographic":true}